-- phpMyAdmin SQL Dump
-- version 5.2.0
-- https://www.phpmyadmin.net/
--
-- Servidor: 127.0.0.1
-- Tiempo de generación: 13-03-2023 a las 01:28:04
-- Versión del servidor: 10.4.27-MariaDB
-- Versión de PHP: 7.4.33

SET SQL_MODE = "NO_AUTO_VALUE_ON_ZERO";
START TRANSACTION;
SET time_zone = "+00:00";


/*!40101 SET @OLD_CHARACTER_SET_CLIENT=@@CHARACTER_SET_CLIENT */;
/*!40101 SET @OLD_CHARACTER_SET_RESULTS=@@CHARACTER_SET_RESULTS */;
/*!40101 SET @OLD_COLLATION_CONNECTION=@@COLLATION_CONNECTION */;
/*!40101 SET NAMES utf8mb4 */;

--
-- Base de datos: `bdsystem`
--

-- --------------------------------------------------------

--
-- Estructura de tabla para la tabla `area_emprendimiento`
--

CREATE TABLE `area_emprendimiento` (
  `id` int(11) NOT NULL,
  `nombre` varchar(30) NOT NULL
) ENGINE=InnoDB DEFAULT CHARSET=latin1 COLLATE=latin1_swedish_ci;

--
-- Volcado de datos para la tabla `area_emprendimiento`
--

INSERT INTO `area_emprendimiento` (`id`, `nombre`) VALUES
(1, 'Servicio'),
(2, 'Csdasd asdsads'),
(62, 'Csdsadsadsad'),
(63, 'Csdsadsadsad'),
(64, 'Csdsadsadsad'),
(65, 'Csdsadsadsad'),
(66, 'Csdsadsadsad'),
(67, 'Csdsadsadsad'),
(68, 'Csdsadsadsad'),
(69, 'Cesar'),
(70, 'AulaDocentes'),
(72, 'Panaderia'),
(73, 'Peluqueria');

-- --------------------------------------------------------

--
-- Estructura de tabla para la tabla `aspirante_emprendimiento`
--

CREATE TABLE `aspirante_emprendimiento` (
  `id` int(11) NOT NULL,
  `id_usuario` int(11) NOT NULL,
  `id_emprendimiento` int(11) NOT NULL
) ENGINE=InnoDB DEFAULT CHARSET=utf8mb4 COLLATE=utf8mb4_general_ci;

--
-- Volcado de datos para la tabla `aspirante_emprendimiento`
--

INSERT INTO `aspirante_emprendimiento` (`id`, `id_usuario`, `id_emprendimiento`) VALUES
(16, 45, 19),
(23, 90, 2),
(24, 45, 1),
(25, 45, 3),
(26, 45, 2),
(27, 45, 16),
(28, 45, 19),
(29, 45, 20);

-- --------------------------------------------------------

--
-- Estructura de tabla para la tabla `aula`
--

CREATE TABLE `aula` (
  `id` int(11) NOT NULL,
  `nombre` varchar(25) NOT NULL,
  `id_emprendimiento_modulo` int(11) NOT NULL,
  `estatus` varchar(5) NOT NULL
) ENGINE=InnoDB DEFAULT CHARSET=latin1 COLLATE=latin1_swedish_ci;

--
-- Volcado de datos para la tabla `aula`
--

INSERT INTO `aula` (`id`, `nombre`, `id_emprendimiento_modulo`, `estatus`) VALUES
(1, 'MarkFil01', 5, 'true'),
(2, 'TelImag01', 27, 'true'),
(3, 'CocFil01', 1, 'true'),
(4, 'CocIma01', 2, 'true'),
(5, 'MarkIma01', 6, 'true'),
(6, 'TeleMarke', 28, 'true');

-- --------------------------------------------------------

--
-- Estructura de tabla para la tabla `aula_docente`
--

CREATE TABLE `aula_docente` (
  `id` int(11) NOT NULL,
  `id_aula` int(11) NOT NULL,
  `id_docente` int(11) NOT NULL
) ENGINE=InnoDB DEFAULT CHARSET=latin1 COLLATE=latin1_swedish_ci;

--
-- Volcado de datos para la tabla `aula_docente`
--

INSERT INTO `aula_docente` (`id`, `id_aula`, `id_docente`) VALUES
(34, 6, 45),
(35, 6, 45);

-- --------------------------------------------------------

--
-- Estructura de tabla para la tabla `aula_estudiante`
--

CREATE TABLE `aula_estudiante` (
  `id` int(11) NOT NULL,
  `id_aula` int(11) NOT NULL,
  `id_estudiante` int(11) NOT NULL
) ENGINE=InnoDB DEFAULT CHARSET=latin1 COLLATE=latin1_swedish_ci;

--
-- Volcado de datos para la tabla `aula_estudiante`
--

INSERT INTO `aula_estudiante` (`id`, `id_aula`, `id_estudiante`) VALUES
(50, 6, 45),
(51, 6, 45),
(52, 6, 45),
(53, 6, 45),
(54, 6, 45),
(55, 6, 45),
(56, 6, 45),
(57, 6, 45),
(58, 6, 45);

-- --------------------------------------------------------

--
-- Estructura de tabla para la tabla `bitacora`
--

CREATE TABLE `bitacora` (
  `id` int(11) NOT NULL,
  `id_usuario_roles` int(12) NOT NULL,
  `id_entorno` int(11) NOT NULL,
  `fecha` datetime NOT NULL,
  `accion` varchar(50) NOT NULL
) ENGINE=MyISAM DEFAULT CHARSET=latin1 COLLATE=latin1_swedish_ci;

--
-- Volcado de datos para la tabla `bitacora`
--

INSERT INTO `bitacora` (`id`, `id_usuario_roles`, `id_entorno`, `fecha`, `accion`) VALUES
(356, 45, 9, '2023-02-28 10:42:59', 'Eliminación'),
(355, 45, 9, '2023-02-28 10:42:48', 'Registro'),
(354, 45, 9, '2023-02-28 10:38:47', 'Modificacion'),
(353, 45, 9, '2023-02-28 10:38:42', 'Registro'),
(352, 45, 9, '2023-02-28 10:38:35', 'Eliminación'),
(351, 45, 9, '2023-02-28 10:31:54', 'Registro'),
(350, 45, 9, '2023-02-28 10:26:52', 'Eliminación'),
(349, 45, 9, '2023-02-28 10:26:48', 'Eliminación'),
(348, 45, 9, '2023-02-28 10:26:43', 'Eliminación'),
(347, 45, 9, '2023-02-28 10:26:38', 'Eliminación'),
(346, 45, 9, '2023-02-28 10:25:20', 'Eliminación'),
(344, 45, 9, '2023-02-28 10:25:07', 'Eliminación'),
(345, 45, 9, '2023-02-28 10:25:12', 'Eliminación'),
(343, 45, 9, '2023-02-28 10:25:02', 'Eliminación'),
(342, 45, 9, '2023-02-28 10:24:58', 'Eliminación'),
(341, 45, 9, '2023-02-28 10:24:53', 'Eliminación'),
(340, 45, 9, '2023-02-28 10:24:48', 'Eliminación'),
(339, 45, 9, '2023-02-28 10:17:28', 'Registro'),
(338, 45, 9, '2023-02-28 10:09:17', 'Modificacion'),
(337, 45, 9, '2023-02-28 10:09:09', 'Modificacion'),
(336, 45, 9, '2023-02-28 10:09:03', 'Modificacion'),
(335, 45, 9, '2023-02-28 10:08:54', 'Modificacion'),
(334, 45, 10, '2023-02-28 09:42:36', 'Eliminación de Rol'),
(333, 45, 10, '2023-02-28 09:42:15', 'Modificacion de Rol'),
(332, 45, 10, '2023-02-28 09:41:59', 'Registro de Rol'),
(331, 45, 10, '2023-02-28 09:41:39', 'Eliminación de Rol'),
(330, 45, 10, '2023-02-28 09:41:31', 'Registro de Rol'),
(329, 45, 10, '2023-02-28 09:41:20', 'Registro de Permisos'),
(357, 45, 12, '2023-03-02 01:33:27', 'Registro'),
(358, 45, 12, '2023-03-02 01:33:37', 'Registro'),
(359, 45, 12, '2023-03-02 01:33:42', 'Registro'),
(360, 45, 12, '2023-03-02 01:33:44', 'Registro'),
(361, 45, 12, '2023-03-02 01:33:47', 'Registro'),
(362, 45, 12, '2023-03-02 01:39:06', 'Registro'),
(363, 45, 12, '2023-03-02 01:40:44', 'Registro'),
(364, 45, 12, '2023-03-02 01:41:13', 'Eliminación'),
(365, 45, 12, '2023-03-02 01:41:33', 'Eliminación'),
(366, 45, 12, '2023-03-02 01:41:37', 'Eliminación'),
(367, 45, 12, '2023-03-02 01:41:43', 'Eliminación'),
(368, 45, 12, '2023-03-02 01:42:50', 'Eliminación'),
(369, 45, 12, '2023-03-02 01:55:12', 'Modificacion'),
(370, 45, 14, '2023-03-02 02:58:27', 'Agregar Contenido'),
(371, 45, 14, '2023-03-02 02:58:29', 'Agregar Contenido'),
(372, 45, 17, '2023-03-02 03:55:01', 'Registro de rol'),
(373, 45, 17, '2023-03-02 03:55:28', 'Registro de rol'),
(374, 45, 17, '2023-03-02 03:55:28', 'Registro de rol'),
(375, 45, 17, '2023-03-02 03:55:35', 'Registro de rol'),
(376, 45, 17, '2023-03-02 03:55:56', 'Eliminación'),
(377, 45, 17, '2023-03-02 03:56:13', 'Registro de rol'),
(378, 45, 17, '2023-03-02 03:56:15', 'Registro de rol'),
(379, 45, 17, '2023-03-02 03:56:33', 'Registro de rol'),
(380, 45, 17, '2023-03-02 03:56:41', 'Eliminación'),
(381, 45, 17, '2023-03-02 03:56:47', 'Eliminación'),
(382, 45, 17, '2023-03-02 03:56:54', 'Eliminación'),
(383, 45, 17, '2023-03-02 03:57:08', 'Eliminación'),
(384, 45, 8, '2023-03-02 04:48:07', 'Registro'),
(385, 45, 17, '2023-03-02 05:55:13', 'Modificación'),
(386, 45, 17, '2023-03-02 06:02:51', 'Modificación'),
(387, 45, 12, '2023-03-02 06:10:31', 'Eliminación'),
(388, 45, 12, '2023-03-02 06:10:42', 'Eliminación'),
(389, 45, 12, '2023-03-02 06:11:20', 'Modificacion'),
(390, 45, 12, '2023-03-02 06:11:42', 'Registro'),
(391, 45, 12, '2023-03-02 06:11:59', 'Eliminación'),
(392, 45, 10, '2023-03-02 07:10:46', 'Registro de Rol'),
(393, 45, 10, '2023-03-02 07:10:52', 'Eliminación de Rol'),
(394, 45, 10, '2023-03-02 07:57:39', 'Registro de Rol'),
(395, 45, 10, '2023-03-02 07:57:49', 'Modificacion de Rol'),
(396, 45, 10, '2023-03-02 07:57:55', 'Eliminación de Rol'),
(397, 45, 10, '2023-03-02 08:13:13', 'Registro de Permisos'),
(398, 45, 10, '2023-03-02 08:13:19', 'Registro de Permisos'),
(399, 45, 10, '2023-03-02 08:13:30', 'Registro de Permisos'),
(400, 45, 10, '2023-03-02 08:13:30', 'Registro de Permisos'),
(401, 45, 10, '2023-03-02 08:13:31', 'Registro de Permisos'),
(402, 45, 17, '2023-03-02 04:40:10', 'Registro de permisos'),
(403, 45, 17, '2023-03-02 04:40:15', 'Registro de permisos'),
(404, 45, 17, '2023-03-02 04:40:18', 'Registro de permisos'),
(405, 45, 10, '2023-03-02 04:40:35', 'Permisos Actualizados'),
(406, 45, 10, '2023-03-02 04:40:39', 'Permisos Eliminados'),
(407, 45, 10, '2023-03-02 04:40:43', 'Registro de Permisos'),
(408, 45, 10, '2023-03-02 04:40:47', 'Permisos Actualizados'),
(409, 45, 10, '2023-03-02 04:40:53', 'Permisos Eliminados'),
(410, 45, 10, '2023-03-02 04:40:56', 'Registro de Permisos'),
(411, 45, 10, '2023-03-02 04:40:59', 'Permisos Eliminados'),
(412, 45, 10, '2023-03-02 04:41:36', 'Registro de Permisos'),
(413, 45, 10, '2023-03-02 04:41:40', 'Permisos Actualizados'),
(414, 45, 10, '2023-03-02 05:20:06', 'Registro de Permisos'),
(415, 45, 10, '2023-03-02 05:20:09', 'Permisos Actualizados'),
(416, 45, 10, '2023-03-02 05:20:11', 'Permisos Eliminados'),
(417, 45, 10, '2023-03-02 05:47:22', 'Permisos Eliminados'),
(418, 45, 10, '2023-03-02 05:47:29', 'Registro de Permisos'),
(419, 45, 10, '2023-03-02 05:47:45', 'Permisos Actualizados'),
(420, 45, 10, '2023-03-02 06:23:21', 'Permisos Eliminados'),
(421, 45, 10, '2023-03-02 06:23:25', 'Registro de Permisos'),
(422, 45, 10, '2023-03-02 06:23:32', 'Permisos Actualizados'),
(423, 45, 10, '2023-03-02 06:23:36', 'Permisos Actualizados'),
(424, 45, 10, '2023-03-02 06:23:38', 'Permisos Actualizados'),
(425, 45, 10, '2023-03-02 06:23:40', 'Permisos Actualizados'),
(426, 45, 10, '2023-03-02 06:23:42', 'Permisos Eliminados'),
(427, 45, 10, '2023-03-02 06:23:46', 'Registro de Permisos'),
(428, 45, 10, '2023-03-02 06:23:49', 'Permisos Actualizados'),
(429, 45, 10, '2023-03-02 06:24:05', 'Permisos Eliminados'),
(430, 45, 10, '2023-03-02 06:24:12', 'Permisos Eliminados'),
(431, 45, 10, '2023-03-02 06:24:16', 'Registro de Permisos'),
(432, 45, 10, '2023-03-02 06:24:21', 'Registro de Permisos'),
(433, 45, 10, '2023-03-02 06:24:24', 'Permisos Actualizados'),
(434, 45, 10, '2023-03-02 06:24:27', 'Permisos Actualizados'),
(435, 45, 10, '2023-03-02 06:24:36', 'Permisos Actualizados'),
(436, 45, 10, '2023-03-02 06:24:38', 'Permisos Eliminados'),
(437, 45, 10, '2023-03-02 06:27:49', 'Permisos Actualizados'),
(438, 45, 12, '2023-03-02 06:44:58', 'Registro de rol'),
(439, 45, 12, '2023-03-02 06:45:02', 'Registro de rol'),
(440, 45, 12, '2023-03-02 06:45:05', 'Registro de rol'),
(441, 45, 12, '2023-03-02 07:01:41', 'Registro de rol'),
(442, 45, 12, '2023-03-02 07:01:45', 'Registro de rol'),
(443, 45, 12, '2023-03-02 07:01:48', 'Registro de rol'),
(444, 45, 12, '2023-03-02 07:01:50', 'Registro de rol'),
(445, 45, 12, '2023-03-02 07:01:55', 'Registro de rol'),
(446, 45, 12, '2023-03-02 07:01:59', 'Registro de rol'),
(447, 45, 12, '2023-03-02 08:55:13', 'Registro de rol'),
(448, 45, 12, '2023-03-02 11:42:12', 'Registro de rol'),
(449, 45, 12, '2023-03-02 11:42:15', 'Registro de rol'),
(450, 45, 12, '2023-03-02 11:42:17', 'Registro de rol'),
(451, 45, 12, '2023-03-02 11:42:22', 'Registro de rol'),
(452, 45, 12, '2023-03-02 11:42:22', 'Registro de rol'),
(453, 45, 12, '2023-03-02 11:42:31', 'Registro de rol'),
(454, 45, 12, '2023-03-02 11:42:32', 'Registro de rol'),
(455, 45, 12, '2023-03-02 11:42:32', 'Registro de rol'),
(456, 45, 12, '2023-03-02 11:42:33', 'Registro de rol'),
(457, 45, 12, '2023-03-02 11:42:39', 'Registro de rol'),
(458, 45, 12, '2023-03-02 11:42:40', 'Registro de rol'),
(459, 45, 12, '2023-03-02 11:42:40', 'Registro de rol'),
(460, 45, 12, '2023-03-02 11:42:40', 'Registro de rol'),
(461, 45, 12, '2023-03-02 11:43:00', 'Registro de rol'),
(462, 45, 12, '2023-03-02 11:43:02', 'Registro de rol'),
(463, 45, 12, '2023-03-02 11:43:02', 'Registro de rol'),
(464, 45, 12, '2023-03-02 11:43:02', 'Registro de rol'),
(465, 45, 12, '2023-03-02 11:43:19', 'Modificacion'),
(466, 45, 10, '2023-03-02 11:43:47', 'Permisos Eliminados'),
(467, 45, 10, '2023-03-02 11:43:49', 'Registro de Permisos'),
(468, 45, 10, '2023-03-02 11:43:54', 'Permisos Actualizados'),
(469, 45, 10, '2023-03-02 11:43:59', 'Permisos Actualizados'),
(470, 45, 8, '2023-03-03 12:20:22', 'Registro'),
(471, 45, 8, '2023-03-03 12:20:39', 'Registro'),
(472, 45, 8, '2023-03-03 12:20:45', 'Eliminación'),
(473, 45, 8, '2023-03-03 12:20:52', 'Eliminación'),
(474, 45, 8, '2023-03-03 12:21:04', 'Eliminación'),
(475, 45, 8, '2023-03-03 12:49:37', 'Registro'),
(476, 45, 8, '2023-03-03 12:49:50', 'Eliminación'),
(477, 45, 7, '2023-03-03 01:17:34', 'Eliminación'),
(478, 45, 7, '2023-03-03 01:17:40', 'Eliminación'),
(479, 45, 7, '2023-03-03 01:17:44', 'Eliminación'),
(480, 45, 7, '2023-03-03 01:17:48', 'Eliminación'),
(481, 45, 7, '2023-03-03 01:17:53', 'Eliminación'),
(482, 45, 7, '2023-03-03 02:02:51', 'Registro'),
(483, 45, 7, '2023-03-03 02:02:57', 'Eliminación'),
(484, 45, 3, '2023-03-03 02:46:55', 'Registro'),
(485, 45, 3, '2023-03-03 02:49:22', 'Registro'),
(486, 45, 3, '2023-03-03 02:49:28', 'Eliminación'),
(487, 45, 3, '2023-03-03 02:49:36', 'Eliminación'),
(488, 45, 3, '2023-03-03 02:49:41', 'Eliminación'),
(489, 45, 3, '2023-03-03 02:49:45', 'Eliminación'),
(490, 45, 3, '2023-03-03 02:49:52', 'Eliminación'),
(491, 45, 3, '2023-03-03 02:51:24', 'Modificacion'),
(492, 45, 3, '2023-03-03 02:51:30', 'Modificacion'),
(493, 45, 3, '2023-03-03 02:53:16', 'Registro'),
(494, 45, 3, '2023-03-03 02:53:25', 'Registro'),
(495, 45, 3, '2023-03-03 02:55:02', 'Registro'),
(496, 45, 3, '2023-03-03 02:56:52', 'Eliminación'),
(497, 45, 3, '2023-03-03 02:56:53', 'Eliminación'),
(498, 45, 3, '2023-03-03 02:56:58', 'Eliminación'),
(499, 45, 4, '2023-03-03 04:27:56', 'Registro'),
(500, 45, 4, '2023-03-03 04:28:02', 'Modificacion'),
(501, 45, 4, '2023-03-03 04:28:08', 'Eliminación'),
(502, 45, 2, '2023-03-03 04:43:13', 'Registro'),
(503, 45, 2, '2023-03-03 04:43:20', 'Eliminación'),
(504, 45, 2, '2023-03-03 04:43:40', 'Modificacion'),
(505, 45, 3, '2023-03-03 04:45:14', 'Registro'),
(506, 45, 4, '2023-03-03 04:46:13', 'Registro'),
(507, 45, 4, '2023-03-03 04:46:18', 'Eliminación'),
(508, 45, 5, '2023-03-03 04:46:30', 'Eliminación'),
(509, 45, 5, '2023-03-03 04:46:38', 'Eliminación'),
(510, 45, 5, '2023-03-03 04:47:13', 'Registro'),
(511, 45, 6, '2023-03-03 04:47:30', 'Eliminación'),
(512, 45, 6, '2023-03-03 04:47:47', 'Modificacion'),
(513, 45, 6, '2023-03-03 04:48:12', 'Registro'),
(514, 45, 7, '2023-03-03 04:48:29', 'Registro'),
(515, 45, 7, '2023-03-03 04:48:35', 'Eliminación'),
(516, 45, 8, '2023-03-03 04:49:32', 'Registro'),
(517, 45, 5, '2023-03-03 05:55:37', 'Eliminación'),
(518, 45, 5, '2023-03-03 05:58:07', 'Registro'),
(519, 45, 5, '2023-03-03 06:11:51', 'Eliminación'),
(520, 45, 5, '2023-03-03 06:12:24', 'Registro'),
(521, 45, 5, '2023-03-03 06:12:52', 'Registro'),
(522, 45, 5, '2023-03-03 06:12:59', 'Eliminación'),
(523, 45, 5, '2023-03-03 06:13:03', 'Eliminación'),
(524, 45, 5, '2023-03-03 06:13:38', 'Registro'),
(525, 45, 5, '2023-03-03 06:13:53', 'Modificacion'),
(526, 45, 5, '2023-03-03 06:14:01', 'Eliminación'),
(527, 45, 1, '2023-03-03 06:18:02', 'Registro'),
(528, 45, 1, '2023-03-03 06:19:01', 'Registro'),
(529, 45, 1, '2023-03-03 06:21:58', 'Modificacion'),
(530, 45, 1, '2023-03-03 06:23:20', 'Modificacion'),
(531, 45, 12, '2023-03-03 07:02:35', 'Registro'),
(532, 45, 12, '2023-03-03 07:03:02', 'Registro'),
(533, 45, 5, '2023-03-03 07:49:13', 'Eliminación'),
(534, 45, 6, '2023-03-03 07:49:24', 'Eliminación'),
(535, 45, 6, '2023-03-03 08:01:17', 'Eliminación'),
(536, 45, 6, '2023-03-03 08:14:16', 'Registro'),
(537, 45, 6, '2023-03-03 08:14:23', 'Modificacion'),
(538, 45, 6, '2023-03-03 08:14:30', 'Eliminación'),
(539, 45, 5, '2023-03-03 08:14:54', 'Modificacion'),
(540, 45, 5, '2023-03-03 08:15:00', 'Eliminación'),
(541, 45, 5, '2023-03-03 08:15:19', 'Modificacion'),
(542, 45, 5, '2023-03-03 08:15:52', 'Registro'),
(543, 45, 5, '2023-03-03 08:50:14', 'Registro'),
(544, 45, 5, '2023-03-03 09:01:49', 'Eliminación'),
(545, 45, 13, '2023-03-03 09:03:02', 'Registro'),
(546, 45, 14, '2023-03-03 09:03:54', 'Agregar Contenido'),
(547, 45, 14, '2023-03-03 09:04:01', 'Agregar Contenido'),
(548, 45, 13, '2023-03-03 09:04:15', 'Modificacion'),
(549, 45, 12, '2023-03-04 01:01:56', 'Registro de rol'),
(550, 45, 12, '2023-03-04 01:02:01', 'Registro de rol'),
(551, 45, 12, '2023-03-04 01:02:22', 'Registro de rol'),
(552, 45, 12, '2023-03-04 01:02:24', 'Registro de rol'),
(553, 45, 12, '2023-03-04 01:02:30', 'Registro de rol'),
(554, 45, 12, '2023-03-04 01:02:31', 'Registro de rol'),
(555, 45, 12, '2023-03-04 01:02:49', 'Registro de rol'),
(556, 45, 12, '2023-03-04 01:02:49', 'Registro de rol'),
(557, 45, 10, '2023-03-04 01:03:23', 'Permisos Eliminados'),
(558, 45, 10, '2023-03-04 01:03:26', 'Registro de Permisos'),
(559, 45, 10, '2023-03-04 01:03:32', 'Registro de Permisos'),
(560, 45, 10, '2023-03-04 01:03:36', 'Permisos Actualizados'),
(561, 45, 2, '2023-03-04 08:01:32', 'Eliminación'),
(562, 45, 2, '2023-03-04 08:01:58', 'Registro'),
(563, 45, 2, '2023-03-04 08:02:03', 'Eliminación'),
(564, 45, 2, '2023-03-04 08:02:08', 'Eliminación'),
(565, 45, 2, '2023-03-04 08:02:42', 'Eliminación'),
(566, 45, 2, '2023-03-04 08:02:47', 'Eliminación'),
(567, 45, 12, '2023-03-05 04:36:48', 'Registro de rol'),
(568, 45, 1, '2023-03-05 04:37:34', 'Modificacion'),
(569, 45, 17, '2023-03-05 04:37:47', 'Eliminación'),
(570, 45, 17, '2023-03-05 04:40:04', 'Modificación'),
(571, 45, 17, '2023-03-05 04:43:05', 'Modificación'),
(572, 45, 2, '2023-03-05 04:43:52', 'Eliminación'),
(573, 45, 2, '2023-03-05 04:44:04', 'Modificacion'),
(574, 45, 2, '2023-03-05 04:44:09', 'Eliminación'),
(575, 45, 2, '2023-03-05 04:44:11', 'Eliminación'),
(576, 45, 2, '2023-03-05 04:44:27', 'Registro'),
(577, 45, 2, '2023-03-05 04:44:32', 'Eliminación'),
(578, 45, 2, '2023-03-05 04:44:33', 'Eliminación'),
(579, 45, 7, '2023-03-05 05:24:49', 'Registro'),
(580, 45, 7, '2023-03-05 05:25:43', 'Registro'),
(581, 45, 7, '2023-03-05 05:31:28', 'Registro'),
(582, 45, 7, '2023-03-05 05:35:21', 'Modificacion'),
(583, 45, 7, '2023-03-05 05:35:34', 'Modificacion'),
(584, 45, 7, '2023-03-05 05:36:02', 'Modificacion'),
(585, 45, 7, '2023-03-05 05:36:21', 'Eliminación'),
(586, 45, 7, '2023-03-05 05:36:30', 'Modificacion'),
(587, 45, 17, '2023-03-05 05:41:04', 'Modificación'),
(588, 45, 17, '2023-03-05 05:55:48', 'Modificación'),
(589, 45, 17, '2023-03-05 05:55:50', 'Modificación'),
(590, 45, 17, '2023-03-05 05:55:55', 'Modificación'),
(591, 45, 17, '2023-03-05 05:56:27', 'Modificación'),
(592, 45, 17, '2023-03-05 05:57:07', 'Modificación'),
(593, 45, 17, '2023-03-05 05:57:12', 'Modificación'),
(594, 45, 17, '2023-03-05 05:57:42', 'Modificación'),
(595, 45, 17, '2023-03-05 05:58:50', 'Modificación'),
(596, 45, 17, '2023-03-05 05:59:43', 'Modificación'),
(597, 45, 17, '2023-03-05 06:01:20', 'Modificación'),
(598, 45, 17, '2023-03-05 06:02:34', 'Modificación'),
(599, 45, 17, '2023-03-05 06:03:26', 'Modificación'),
(600, 45, 17, '2023-03-05 06:04:34', 'Modificación'),
(601, 45, 17, '2023-03-05 06:08:52', 'Modificación'),
(602, 45, 17, '2023-03-05 06:08:55', 'Modificación'),
(603, 45, 17, '2023-03-05 06:08:58', 'Modificación'),
(604, 45, 17, '2023-03-05 06:09:38', 'Modificación'),
(605, 45, 17, '2023-03-05 06:14:21', 'Modificación'),
(606, 45, 17, '2023-03-05 06:15:01', 'Modificación'),
(607, 45, 17, '2023-03-05 06:15:08', 'Eliminación'),
(608, 45, 17, '2023-03-05 06:15:13', 'Eliminación'),
(609, 45, 2, '2023-03-05 06:36:39', 'Registro'),
(610, 45, 2, '2023-03-05 06:36:46', 'Modificacion'),
(611, 45, 2, '2023-03-05 06:36:52', 'Eliminación'),
(612, 45, 3, '2023-03-05 06:52:12', 'Eliminación'),
(613, 45, 3, '2023-03-05 06:52:56', 'Registro'),
(614, 45, 3, '2023-03-05 07:20:58', 'Eliminación'),
(615, 45, 3, '2023-03-05 07:21:09', 'Registro'),
(616, 45, 6, '2023-03-05 03:02:30', 'Registro'),
(617, 45, 6, '2023-03-05 03:05:40', 'Eliminación'),
(618, 45, 6, '2023-03-05 03:07:51', 'Eliminación'),
(619, 45, 6, '2023-03-05 03:11:17', 'Registro'),
(620, 45, 6, '2023-03-05 03:12:31', 'Registro'),
(621, 45, 6, '2023-03-05 03:12:32', 'Registro'),
(622, 45, 6, '2023-03-05 03:12:43', 'Eliminación'),
(623, 45, 6, '2023-03-05 03:13:47', 'Eliminación'),
(624, 45, 12, '2023-03-05 03:14:26', 'Eliminación'),
(625, 45, 6, '2023-03-05 03:14:54', 'Registro'),
(626, 45, 6, '2023-03-05 03:14:56', 'Registro'),
(627, 45, 12, '2023-03-05 03:15:23', 'Registro de rol'),
(628, 45, 12, '2023-03-05 03:15:30', 'Eliminación'),
(629, 45, 6, '2023-03-05 03:15:53', 'Registro'),
(630, 45, 6, '2023-03-05 03:17:03', 'Registro'),
(631, 45, 12, '2023-03-05 03:17:21', 'Registro de rol'),
(632, 45, 12, '2023-03-05 03:17:27', 'Eliminación'),
(633, 45, 6, '2023-03-05 03:17:49', 'Registro'),
(634, 45, 6, '2023-03-05 03:31:29', 'Registro'),
(635, 45, 6, '2023-03-05 03:38:37', 'Eliminación'),
(636, 45, 6, '2023-03-05 03:45:10', 'Eliminación'),
(637, 45, 6, '2023-03-05 03:45:31', 'Registro'),
(638, 45, 12, '2023-03-05 03:45:55', 'Registro de rol'),
(639, 45, 12, '2023-03-05 03:46:02', 'Eliminación'),
(640, 45, 6, '2023-03-05 03:46:33', 'Registro'),
(641, 45, 6, '2023-03-05 03:50:21', 'Registro'),
(642, 45, 6, '2023-03-05 03:52:22', 'Registro'),
(643, 45, 6, '2023-03-05 03:52:40', 'Eliminación'),
(644, 45, 12, '2023-03-05 03:52:49', 'Eliminación'),
(645, 45, 6, '2023-03-05 03:53:10', 'Registro'),
(646, 45, 6, '2023-03-05 03:53:46', 'Registro'),
(647, 45, 6, '2023-03-05 03:53:59', 'Eliminación'),
(648, 45, 12, '2023-03-05 03:54:12', 'Eliminación'),
(649, 45, 6, '2023-03-05 03:54:37', 'Registro'),
(650, 45, 6, '2023-03-05 03:56:47', 'Registro'),
(651, 45, 6, '2023-03-05 03:57:17', 'Eliminación'),
(652, 45, 6, '2023-03-05 03:57:31', 'Eliminación'),
(653, 45, 6, '2023-03-05 03:57:58', 'Registro'),
(654, 45, 12, '2023-03-05 03:58:14', 'Registro de rol'),
(655, 45, 12, '2023-03-05 03:58:20', 'Eliminación'),
(656, 45, 6, '2023-03-05 03:58:42', 'Registro'),
(657, 45, 6, '2023-03-05 03:59:51', 'Eliminación'),
(658, 45, 6, '2023-03-05 04:00:05', 'Registro'),
(659, 45, 6, '2023-03-05 04:00:25', 'Registro'),
(660, 45, 6, '2023-03-05 04:01:42', 'Registro'),
(661, 45, 6, '2023-03-05 04:01:43', 'Registro'),
(662, 45, 6, '2023-03-05 04:02:49', 'Registro'),
(663, 45, 6, '2023-03-05 04:09:11', 'Registro'),
(664, 45, 6, '2023-03-05 04:57:25', 'Registro'),
(665, 45, 6, '2023-03-05 04:58:13', 'Registro'),
(666, 45, 6, '2023-03-05 05:00:50', 'Eliminación'),
(667, 45, 1, '2023-03-05 05:01:12', 'Modificacion'),
(668, 45, 6, '2023-03-05 05:01:28', 'Eliminación'),
(669, 45, 1, '2023-03-05 05:05:11', 'Modificacion'),
(670, 45, 6, '2023-03-05 05:05:24', 'Eliminación'),
(671, 45, 1, '2023-03-05 05:06:09', 'Modificacion'),
(672, 45, 6, '2023-03-05 05:06:21', 'Eliminación'),
(673, 45, 6, '2023-03-05 05:06:25', 'Eliminación'),
(674, 45, 6, '2023-03-05 05:07:27', 'Registro'),
(675, 45, 1, '2023-03-05 05:07:47', 'Modificacion'),
(676, 45, 6, '2023-03-05 05:13:55', 'Eliminación'),
(677, 45, 6, '2023-03-05 05:14:27', 'Registro'),
(678, 45, 1, '2023-03-05 05:14:44', 'Modificacion'),
(679, 45, 6, '2023-03-05 05:14:54', 'Eliminación'),
(680, 45, 6, '2023-03-05 05:15:10', 'Registro'),
(681, 45, 6, '2023-03-05 05:15:15', 'Eliminación'),
(682, 45, 6, '2023-03-05 05:16:11', 'Registro'),
(683, 45, 6, '2023-03-05 05:16:17', 'Eliminación'),
(684, 45, 6, '2023-03-05 05:17:43', 'Registro'),
(685, 45, 6, '2023-03-05 05:23:05', 'Registro'),
(686, 45, 6, '2023-03-05 05:23:22', 'Modificacion'),
(687, 45, 6, '2023-03-05 05:23:54', 'Eliminación'),
(688, 45, 6, '2023-03-05 05:23:58', 'Eliminación'),
(689, 45, 5, '2023-03-05 05:42:58', 'Registro'),
(690, 45, 5, '2023-03-05 05:44:21', 'Eliminación'),
(691, 45, 5, '2023-03-05 05:44:28', 'Eliminación'),
(692, 45, 5, '2023-03-05 05:44:34', 'Eliminación'),
(693, 45, 6, '2023-03-05 05:47:15', 'Registro'),
(694, 45, 6, '2023-03-05 05:47:21', 'Eliminación'),
(695, 45, 6, '2023-03-05 05:47:28', 'Registro'),
(696, 45, 6, '2023-03-05 05:58:06', 'Registro'),
(697, 45, 6, '2023-03-05 05:58:11', 'Eliminación'),
(698, 45, 5, '2023-03-05 06:19:47', 'Registro'),
(699, 45, 5, '2023-03-05 06:21:43', 'Registro'),
(700, 45, 5, '2023-03-05 06:25:08', 'Eliminación'),
(701, 45, 5, '2023-03-05 06:25:19', 'Registro'),
(702, 45, 5, '2023-03-05 06:25:26', 'Modificacion'),
(703, 45, 5, '2023-03-05 06:25:31', 'Modificacion'),
(704, 45, 6, '2023-03-05 06:26:07', 'Eliminación'),
(705, 45, 5, '2023-03-05 06:31:41', 'Modificacion'),
(706, 45, 5, '2023-03-05 06:31:45', 'Modificacion'),
(707, 45, 5, '2023-03-05 06:34:32', 'Registro'),
(708, 45, 5, '2023-03-05 06:34:37', 'Eliminación'),
(709, 45, 5, '2023-03-05 06:43:55', 'Registro'),
(710, 45, 5, '2023-03-05 06:44:01', 'Eliminación'),
(711, 45, 5, '2023-03-05 06:44:11', 'Modificacion'),
(712, 45, 6, '2023-03-05 06:44:31', 'Registro'),
(713, 45, 6, '2023-03-05 06:44:45', 'Modificacion'),
(714, 45, 2, '2023-03-05 06:51:33', 'Registro'),
(715, 45, 2, '2023-03-05 06:51:43', 'Eliminación'),
(716, 45, 2, '2023-03-05 06:51:52', 'Registro'),
(717, 45, 2, '2023-03-05 06:51:58', 'Modificacion'),
(718, 45, 3, '2023-03-05 06:52:16', 'Registro'),
(719, 45, 3, '2023-03-05 06:52:21', 'Eliminación'),
(720, 45, 3, '2023-03-05 06:52:27', 'Modificacion'),
(721, 45, 4, '2023-03-05 06:52:40', 'Registro'),
(722, 45, 4, '2023-03-05 06:52:49', 'Eliminación'),
(723, 45, 4, '2023-03-05 06:52:55', 'Modificacion'),
(724, 45, 5, '2023-03-05 06:53:36', 'Registro'),
(725, 45, 5, '2023-03-05 06:53:46', 'Modificacion'),
(726, 45, 5, '2023-03-05 06:53:52', 'Eliminación'),
(727, 45, 6, '2023-03-05 06:54:08', 'Registro'),
(728, 45, 6, '2023-03-05 06:54:20', 'Modificacion'),
(729, 45, 6, '2023-03-05 06:54:25', 'Eliminación'),
(730, 45, 6, '2023-03-05 06:54:29', 'Eliminación'),
(731, 45, 2, '2023-03-05 06:55:01', 'Modificacion'),
(732, 45, 6, '2023-03-05 07:08:15', 'Registro'),
(733, 45, 1, '2023-03-05 07:23:38', 'Modificacion'),
(734, 45, 6, '2023-03-05 07:24:13', 'Eliminación'),
(735, 45, 6, '2023-03-05 07:24:22', 'Registro'),
(736, 45, 6, '2023-03-05 07:24:26', 'Eliminación'),
(737, 45, 6, '2023-03-05 07:24:49', 'Registro'),
(738, 45, 6, '2023-03-05 07:24:54', 'Eliminación'),
(739, 45, 6, '2023-03-05 07:26:01', 'Registro'),
(740, 45, 1, '2023-03-05 07:27:48', 'Registro'),
(741, 45, 5, '2023-03-05 07:29:07', 'Eliminación'),
(742, 45, 7, '2023-03-05 07:35:45', 'Eliminación'),
(743, 45, 8, '2023-03-05 07:41:39', 'Eliminación'),
(744, 45, 8, '2023-03-05 07:41:58', 'Eliminación'),
(745, 45, 8, '2023-03-05 07:42:08', 'Registro'),
(746, 45, 8, '2023-03-05 07:42:13', 'Eliminación'),
(747, 45, 8, '2023-03-05 07:42:27', 'Eliminación'),
(748, 45, 8, '2023-03-05 07:42:53', 'Modificacion'),
(749, 45, 8, '2023-03-05 07:43:02', 'Modificacion'),
(750, 45, 8, '2023-03-05 07:43:07', 'Eliminación'),
(751, 45, 8, '2023-03-05 07:49:59', 'Eliminación'),
(752, 45, 5, '2023-03-05 07:52:26', 'Registro'),
(753, 45, 5, '2023-03-05 08:01:44', 'Modificacion'),
(754, 45, 12, '2023-03-05 08:02:19', 'Registro'),
(755, 45, 12, '2023-03-05 08:02:40', 'Modificacion'),
(756, 45, 12, '2023-03-05 08:02:51', 'Registro de rol'),
(757, 45, 12, '2023-03-05 08:02:52', 'Registro de rol'),
(758, 45, 12, '2023-03-05 08:03:00', 'Registro de rol'),
(759, 45, 12, '2023-03-05 08:03:01', 'Registro de rol'),
(760, 45, 12, '2023-03-05 08:03:06', 'Eliminación'),
(761, 45, 12, '2023-03-05 08:06:46', 'Registro de rol'),
(762, 45, 12, '2023-03-05 08:07:15', 'Registro'),
(763, 45, 12, '2023-03-05 08:07:29', 'Modificacion'),
(764, 45, 12, '2023-03-05 08:07:39', 'Registro de rol'),
(765, 45, 12, '2023-03-05 08:07:51', 'Eliminación'),
(766, 45, 10, '2023-03-05 08:18:22', 'Registro de Rol'),
(767, 45, 10, '2023-03-05 08:18:29', 'Modificacion de Rol'),
(768, 45, 10, '2023-03-05 08:18:42', 'Registro de Permisos'),
(769, 45, 10, '2023-03-05 08:18:52', 'Permisos Eliminados'),
(770, 45, 10, '2023-03-05 08:18:55', 'Eliminación de Rol'),
(771, 45, 10, '2023-03-05 08:23:20', 'Permisos Eliminados'),
(772, 45, 10, '2023-03-05 08:23:23', 'Registro de Permisos'),
(773, 45, 10, '2023-03-05 08:23:26', 'Permisos Actualizados'),
(774, 45, 10, '2023-03-05 08:23:34', 'Permisos Actualizados'),
(775, 45, 10, '2023-03-05 08:23:38', 'Permisos Eliminados'),
(776, 45, 10, '2023-03-05 08:23:45', 'Registro de Permisos'),
(777, 45, 17, '2023-03-05 11:08:35', 'Eliminación'),
(778, 45, 6, '2023-03-05 11:26:45', 'Registro'),
(779, 45, 6, '2023-03-05 11:37:50', 'Registro'),
(780, 45, 5, '2023-03-06 12:49:29', 'Registro'),
(781, 45, 7, '2023-03-06 01:19:28', 'Registro'),
(782, 45, 7, '2023-03-06 01:19:33', 'Eliminación'),
(783, 45, 7, '2023-03-06 01:23:39', 'Registro'),
(784, 45, 8, '2023-03-06 01:24:12', 'Registro'),
(785, 45, 8, '2023-03-06 01:24:17', 'Eliminación'),
(786, 45, 8, '2023-03-06 01:24:25', 'Registro'),
(787, 45, 8, '2023-03-06 01:27:35', 'Registro'),
(788, 45, 8, '2023-03-06 01:28:49', 'Registro'),
(789, 45, 8, '2023-03-06 01:29:01', 'Registro'),
(790, 45, 4, '2023-03-06 02:23:33', 'Registro'),
(791, 45, 4, '2023-03-06 03:00:46', 'Registro'),
(792, 45, 4, '2023-03-06 03:00:57', 'Eliminación'),
(793, 45, 4, '2023-03-06 03:01:02', 'Eliminación'),
(794, 45, 4, '2023-03-06 03:01:08', 'Eliminación'),
(795, 45, 4, '2023-03-06 03:01:13', 'Eliminación'),
(796, 45, 4, '2023-03-06 03:02:36', 'Registro'),
(797, 45, 4, '2023-03-06 03:02:44', 'Eliminación'),
(798, 45, 4, '2023-03-06 03:09:42', 'Registro'),
(799, 45, 9, '2023-03-06 03:21:51', 'Eliminación'),
(800, 45, 9, '2023-03-06 03:21:57', 'Eliminación'),
(801, 45, 9, '2023-03-06 03:22:04', 'Registro'),
(802, 45, 9, '2023-03-06 03:53:29', 'Registro'),
(803, 45, 9, '2023-03-06 03:53:38', 'Registro'),
(804, 45, 9, '2023-03-06 03:56:34', 'Registro'),
(805, 45, 12, '2023-03-06 04:19:19', 'Registro de rol'),
(806, 45, 15, '2023-03-06 05:18:32', 'Agregar Evaluacion'),
(807, 148, 13, '2023-03-06 05:22:11', 'Entrega Evaluación'),
(808, 45, 10, '2023-03-06 12:24:17', 'Registro de Rol'),
(809, 45, 10, '2023-03-06 12:24:23', 'Registro de Permisos'),
(810, 45, 10, '2023-03-06 12:24:54', 'Registro de Rol'),
(811, 45, 10, '2023-03-06 12:27:35', 'Registro de Rol'),
(812, 45, 10, '2023-03-06 12:38:49', 'Registro de Rol'),
(813, 45, 10, '2023-03-06 12:47:18', 'Registro de Rol'),
(814, 45, 10, '2023-03-06 01:20:43', 'Permisos Eliminados'),
(815, 45, 10, '2023-03-06 01:20:52', 'Registro de Permisos'),
(816, 45, 9, '2023-03-06 01:56:20', 'Registro'),
(817, 45, 9, '2023-03-06 01:56:27', 'Eliminación'),
(818, 45, 9, '2023-03-06 01:56:32', 'Eliminación'),
(819, 45, 9, '2023-03-06 01:56:39', 'Modificacion'),
(820, 45, 9, '2023-03-06 01:56:45', 'Eliminación'),
(821, 45, 9, '2023-03-06 01:56:50', 'Eliminación'),
(822, 45, 9, '2023-03-06 01:56:55', 'Eliminación'),
(823, 45, 9, '2023-03-06 02:06:14', 'Eliminación'),
(824, 45, 9, '2023-03-06 02:06:20', 'Eliminación'),
(825, 45, 9, '2023-03-06 02:06:27', 'Eliminación'),
(826, 45, 9, '2023-03-06 02:06:46', 'Eliminación'),
(827, 45, 9, '2023-03-06 02:06:50', 'Eliminación'),
(828, 45, 9, '2023-03-06 02:08:38', 'Eliminación'),
(829, 45, 9, '2023-03-06 02:08:46', 'Eliminación'),
(830, 45, 9, '2023-03-06 02:08:48', 'Eliminación'),
(831, 45, 9, '2023-03-06 02:10:10', 'Eliminación'),
(832, 45, 9, '2023-03-06 02:10:11', 'Eliminación'),
(833, 45, 9, '2023-03-06 02:12:48', 'Eliminación'),
(834, 45, 9, '2023-03-06 02:12:56', 'Eliminación'),
(835, 45, 9, '2023-03-06 02:12:58', 'Eliminación'),
(836, 45, 9, '2023-03-06 02:20:21', 'Eliminación'),
(837, 45, 9, '2023-03-06 02:20:22', 'Eliminación'),
(838, 45, 9, '2023-03-06 02:20:24', 'Eliminación'),
(839, 45, 9, '2023-03-06 02:28:29', 'Registro'),
(840, 45, 9, '2023-03-06 02:28:36', 'Modificacion'),
(841, 45, 9, '2023-03-06 02:28:40', 'Eliminación'),
(842, 45, 1, '2023-03-07 03:48:28', 'Registro'),
(843, 45, 1, '2023-03-07 03:48:41', 'Registro'),
(844, 45, 1, '2023-03-07 03:48:42', 'Registro'),
(845, 45, 1, '2023-03-07 03:48:42', 'Registro'),
(846, 45, 1, '2023-03-07 03:48:42', 'Registro'),
(847, 45, 1, '2023-03-07 03:48:43', 'Registro'),
(848, 45, 1, '2023-03-07 03:48:43', 'Registro'),
(849, 45, 1, '2023-03-07 03:48:43', 'Registro'),
(850, 45, 10, '2023-03-07 03:57:17', 'Permisos Eliminados'),
(851, 45, 10, '2023-03-07 03:57:22', 'Eliminación de Rol'),
(852, 45, 10, '2023-03-07 03:57:27', 'Eliminación de Rol'),
(853, 45, 1, '2023-03-07 04:02:29', 'Registro'),
(854, 45, 2, '2023-03-07 04:04:37', 'Registro'),
(855, 45, 10, '2023-03-07 11:07:33', 'Permisos Actualizados'),
(856, 45, 12, '2023-03-08 12:42:43', 'Modificacion'),
(857, 45, 1, '2023-03-08 01:19:58', 'Registro'),
(858, 45, 2, '2023-03-08 01:30:27', 'Registro'),
(859, 45, 2, '2023-03-08 01:30:41', 'Eliminación'),
(860, 45, 2, '2023-03-08 01:30:57', 'Eliminación'),
(861, 45, 2, '2023-03-08 01:32:28', 'Registro'),
(862, 45, 2, '2023-03-08 01:32:34', 'Eliminación'),
(863, 45, 2, '2023-03-08 01:32:55', 'Registro'),
(864, 45, 2, '2023-03-08 01:32:59', 'Eliminación'),
(865, 45, 3, '2023-03-08 01:36:32', 'Registro'),
(866, 45, 3, '2023-03-08 01:38:55', 'Registro'),
(867, 45, 3, '2023-03-08 01:40:34', 'Eliminación'),
(868, 45, 3, '2023-03-08 01:41:09', 'Modificacion'),
(869, 45, 3, '2023-03-08 01:41:25', 'Modificacion'),
(870, 45, 4, '2023-03-08 01:54:34', 'Registro'),
(871, 45, 4, '2023-03-08 01:55:21', 'Eliminación'),
(872, 45, 4, '2023-03-08 01:55:48', 'Eliminación'),
(873, 45, 4, '2023-03-08 01:56:17', 'Modificacion'),
(874, 45, 4, '2023-03-08 01:57:19', 'Modificacion'),
(875, 45, 5, '2023-03-08 02:12:26', 'Registro'),
(876, 45, 5, '2023-03-08 02:13:34', 'Eliminación'),
(877, 45, 5, '2023-03-08 02:14:40', 'Registro'),
(878, 45, 6, '2023-03-08 02:17:07', 'Registro'),
(879, 45, 6, '2023-03-08 02:17:32', 'Eliminación'),
(880, 45, 6, '2023-03-08 02:17:50', 'Registro'),
(881, 45, 6, '2023-03-08 02:17:56', 'Eliminación'),
(882, 45, 6, '2023-03-08 02:19:01', 'Modificacion'),
(883, 45, 7, '2023-03-08 02:24:10', 'Registro'),
(884, 45, 7, '2023-03-08 02:24:18', 'Eliminación'),
(885, 45, 7, '2023-03-08 02:24:31', 'Registro'),
(886, 45, 7, '2023-03-08 02:25:10', 'Eliminación'),
(887, 45, 7, '2023-03-08 02:26:26', 'Registro'),
(888, 45, 7, '2023-03-08 02:26:50', 'Modificacion'),
(889, 45, 7, '2023-03-08 02:28:24', 'Eliminación'),
(890, 45, 8, '2023-03-08 02:46:11', 'Registro'),
(891, 45, 9, '2023-03-08 02:59:21', 'Registro'),
(892, 45, 9, '2023-03-08 02:59:49', 'Eliminación'),
(893, 45, 9, '2023-03-08 03:00:02', 'Modificacion'),
(894, 45, 9, '2023-03-08 03:01:42', 'Modificacion'),
(895, 45, 9, '2023-03-08 03:01:51', 'Modificacion'),
(896, 45, 12, '2023-03-08 03:05:29', 'Registro'),
(897, 45, 12, '2023-03-08 03:06:04', 'Eliminación'),
(898, 45, 12, '2023-03-08 03:06:26', 'Eliminación'),
(899, 45, 12, '2023-03-08 03:06:48', 'Registro de rol'),
(900, 45, 12, '2023-03-08 03:06:53', 'Registro de rol'),
(901, 45, 12, '2023-03-08 03:08:13', 'Eliminación de rol'),
(902, 45, 12, '2023-03-08 03:08:17', 'Registro de rol'),
(903, 45, 12, '2023-03-08 03:08:31', 'Registro de rol'),
(904, 45, 12, '2023-03-08 03:08:32', 'Eliminación de rol'),
(905, 45, 12, '2023-03-08 03:08:35', 'Registro de rol'),
(906, 45, 12, '2023-03-08 03:08:37', 'Eliminación de rol'),
(907, 45, 12, '2023-03-08 03:09:12', 'Modificacion'),
(908, 45, 12, '2023-03-08 03:09:21', 'Modificacion'),
(909, 45, 12, '2023-03-08 03:09:27', 'Modificacion'),
(910, 45, 10, '2023-03-08 03:13:53', 'Registro de Rol'),
(911, 45, 10, '2023-03-08 03:14:03', 'Eliminación de Rol'),
(912, 45, 10, '2023-03-08 03:14:19', 'Modificacion de Rol'),
(913, 45, 10, '2023-03-08 03:14:59', 'Registro de Permisos'),
(914, 45, 13, '2023-03-08 03:27:22', 'Registro'),
(915, 45, 13, '2023-03-08 03:29:35', 'Registro'),
(916, 45, 13, '2023-03-08 03:30:17', 'Registro'),
(917, 45, 13, '2023-03-08 03:30:44', 'Eliminación'),
(918, 45, 13, '2023-03-08 03:30:52', 'Eliminación'),
(919, 45, 13, '2023-03-08 03:31:06', 'Registro'),
(920, 45, 13, '2023-03-08 03:31:25', 'Eliminación'),
(921, 45, 13, '2023-03-08 03:31:37', 'Modificacion'),
(922, 45, 14, '2023-03-08 03:37:35', 'Agregar Contenido'),
(923, 45, 15, '2023-03-08 03:40:56', 'Agregar Evaluacion'),
(924, 45, 13, '2023-03-08 03:43:08', 'Modificación de Entrega de Evaluación'),
(925, 45, 13, '2023-03-08 03:43:13', 'Modificación de Entrega de Evaluación'),
(926, 45, 13, '2023-03-08 03:43:28', 'Modificación de Entrega de Evaluación'),
(927, 45, 13, '2023-03-08 03:43:36', 'Modificación de Entrega de Evaluación'),
(928, 45, 13, '2023-03-08 03:45:14', 'Entrega Evaluación'),
(929, 45, 15, '2023-03-08 03:45:46', 'Agregar Evaluacion'),
(930, 45, 13, '2023-03-08 03:46:08', 'Entrega Evaluación'),
(931, 45, 12, '2023-03-09 12:11:07', 'Modificacion'),
(932, 45, 13, '2023-03-09 02:15:32', 'Modificacion'),
(933, 45, 5, '2023-03-09 06:02:15', 'Modificacion'),
(934, 45, 5, '2023-03-09 12:50:15', 'Eliminación'),
(935, 45, 4, '2023-03-09 02:22:58', 'Modificacion'),
(936, 45, 4, '2023-03-09 02:23:06', 'Modificacion'),
(937, 45, 4, '2023-03-09 02:23:17', 'Modificacion'),
(938, 45, 15, '2023-03-09 03:49:57', 'Agregar Evaluacion'),
(939, 45, 13, '2023-03-09 03:50:41', 'Entrega Evaluación'),
(940, 45, 13, '2023-03-09 03:50:42', 'Entrega Evaluación'),
(941, 148, 15, '2023-03-09 11:16:54', 'Agregar Evaluacion'),
(942, 148, 15, '2023-03-09 11:19:05', 'Agregar Evaluacion'),
(943, 148, 15, '2023-03-10 12:28:03', 'Agregar Evaluacion'),
(944, 139, 15, '2023-03-10 01:04:18', 'Agregar Evaluacion'),
(945, 45, 12, '2023-03-10 01:06:14', 'Modificacion'),
(946, 45, 15, '2023-03-10 01:52:30', 'Agregar Evaluacion'),
(947, 148, 15, '2023-03-10 01:53:28', 'Agregar Evaluacion'),
(948, 148, 15, '2023-03-10 01:53:51', 'Agregar Evaluacion'),
(949, 148, 15, '2023-03-10 02:12:32', 'Agregar Evaluacion'),
(950, 45, 12, '2023-03-10 03:15:24', 'Eliminación de rol'),
(951, 45, 12, '2023-03-10 03:25:05', 'Registro de rol'),
(952, 168, 13, '2023-03-10 03:25:43', 'Entrega Evaluación'),
(953, 148, 15, '2023-03-10 03:59:37', 'Agregar Evaluacion'),
(954, 148, 15, '2023-03-10 04:00:07', 'Agregar Evaluacion'),
(955, 148, 15, '2023-03-10 04:00:07', 'Agregar Evaluacion'),
(956, 148, 15, '2023-03-10 04:00:18', 'Agregar Evaluacion'),
(957, 148, 15, '2023-03-10 04:15:21', 'Agregar Evaluacion'),
(958, 148, 15, '2023-03-10 04:15:33', 'Agregar Evaluacion'),
(959, 168, 13, '2023-03-10 04:19:39', 'Entrega Evaluación'),
(960, 148, 15, '2023-03-10 04:40:15', 'Agregar Evaluacion'),
(961, 168, 13, '2023-03-10 04:40:47', 'Entrega Evaluación'),
(962, 168, 13, '2023-03-10 05:03:37', 'Registro'),
(963, 168, 13, '2023-03-10 05:08:51', 'Registro'),
(964, 168, 14, '2023-03-10 05:34:54', 'Agregar Contenido'),
(965, 168, 15, '2023-03-10 06:54:34', 'Agregar Evaluacion'),
(966, 168, 15, '2023-03-10 06:55:26', 'Agregar Evaluacion'),
(967, 168, 15, '2023-03-10 07:29:21', 'Agregar Evaluacion'),
(968, 168, 15, '2023-03-10 07:32:49', 'Agregar Evaluacion'),
(969, 168, 0, '2023-03-10 08:49:28', 'Modificar Evaluación'),
(970, 168, 0, '2023-03-10 08:49:29', 'Modificar Evaluación'),
(971, 168, 0, '2023-03-10 08:50:02', 'Modificar Evaluación'),
(972, 168, 0, '2023-03-10 08:52:56', 'Modificar Evaluación'),
(973, 168, 0, '2023-03-10 08:52:59', 'Modificar Evaluación'),
(974, 168, 0, '2023-03-10 08:54:02', 'Modificar Evaluación'),
(975, 168, 0, '2023-03-10 08:54:22', 'Modificar Evaluación'),
(976, 168, 0, '2023-03-10 08:54:41', 'Modificar Evaluación'),
(977, 168, 0, '2023-03-10 08:55:08', 'Modificar Evaluación'),
(978, 168, 0, '2023-03-10 08:55:34', 'Modificar Evaluación'),
(979, 45, 12, '2023-03-11 09:43:51', 'Registro'),
(980, 45, 12, '2023-03-11 09:43:52', 'Registro'),
(981, 45, 12, '2023-03-11 09:44:09', 'Registro'),
(982, 45, 12, '2023-03-11 09:44:11', 'Registro'),
(983, 45, 12, '2023-03-11 09:44:12', 'Registro'),
(984, 45, 12, '2023-03-11 09:44:13', 'Registro'),
(985, 45, 12, '2023-03-11 09:44:46', 'Registro'),
(986, 45, 12, '2023-03-11 10:17:39', 'Registro'),
(987, 45, 12, '2023-03-11 10:19:37', 'Registro'),
(988, 45, 12, '2023-03-11 10:20:26', 'Registro'),
(989, 45, 12, '2023-03-11 10:41:29', 'Registro'),
(990, 45, 12, '2023-03-11 10:42:56', 'Registro'),
(991, 45, 15, '2023-03-11 10:49:11', 'Agregar Evaluacion'),
(992, 45, 12, '2023-03-11 11:07:11', 'Modificacion'),
(993, 45, 6, '2023-03-11 11:09:07', 'Modificacion'),
(994, 45, 12, '2023-03-11 11:09:57', 'Modificacion'),
(995, 45, 12, '2023-03-11 11:09:57', 'Modificacion'),
(996, 45, 12, '2023-03-11 11:09:58', 'Modificacion'),
(997, 45, 12, '2023-03-11 11:09:58', 'Modificacion'),
(998, 45, 12, '2023-03-11 11:09:58', 'Modificacion'),
(999, 45, 12, '2023-03-11 11:10:52', 'Modificacion'),
(1000, 45, 12, '2023-03-11 11:11:54', 'Modificacion'),
(1001, 45, 12, '2023-03-11 11:13:40', 'Modificacion'),
(1002, 45, 12, '2023-03-11 11:14:15', 'Modificacion'),
(1003, 45, 12, '2023-03-11 11:15:43', 'Modificacion'),
(1004, 45, 12, '2023-03-11 11:16:13', 'Modificacion'),
(1005, 45, 5, '2023-03-12 03:40:59', 'Registro'),
(1006, 45, 5, '2023-03-12 03:50:02', 'Registro'),
(1007, 45, 5, '2023-03-12 03:51:39', 'Registro'),
(1008, 45, 5, '2023-03-12 03:52:06', 'Eliminación'),
(1009, 45, 5, '2023-03-12 03:55:34', 'Registro'),
(1010, 45, 5, '2023-03-12 03:55:46', 'Eliminación'),
(1011, 45, 5, '2023-03-12 03:56:30', 'Registro'),
(1012, 45, 5, '2023-03-12 04:09:12', 'Modificacion'),
(1013, 45, 5, '2023-03-12 04:09:13', 'Modificacion'),
(1014, 45, 5, '2023-03-12 04:09:14', 'Modificacion'),
(1015, 45, 5, '2023-03-12 04:09:14', 'Modificacion'),
(1016, 45, 5, '2023-03-12 04:09:14', 'Modificacion'),
(1017, 45, 5, '2023-03-12 04:09:17', 'Modificacion'),
(1018, 45, 5, '2023-03-12 04:09:17', 'Modificacion'),
(1019, 45, 5, '2023-03-12 04:09:18', 'Modificacion'),
(1020, 45, 5, '2023-03-12 04:09:18', 'Modificacion'),
(1021, 45, 5, '2023-03-12 04:09:19', 'Modificacion'),
(1022, 45, 5, '2023-03-12 04:09:46', 'Modificacion'),
(1023, 45, 5, '2023-03-12 04:10:39', 'Modificacion'),
(1024, 45, 5, '2023-03-12 04:10:55', 'Modificacion'),
(1025, 45, 5, '2023-03-12 04:11:27', 'Registro'),
(1026, 45, 5, '2023-03-12 04:12:51', 'Registro'),
(1027, 45, 5, '2023-03-12 04:13:39', 'Registro'),
(1028, 45, 5, '2023-03-12 04:13:59', 'Eliminación'),
(1029, 45, 5, '2023-03-12 04:14:01', 'Eliminación'),
(1030, 45, 5, '2023-03-12 04:14:05', 'Eliminación'),
(1031, 45, 5, '2023-03-12 04:14:06', 'Eliminación'),
(1032, 45, 5, '2023-03-12 04:14:09', 'Eliminación'),
(1033, 45, 6, '2023-03-12 04:19:29', 'Registro'),
(1034, 45, 6, '2023-03-12 04:20:32', 'Registro'),
(1035, 45, 6, '2023-03-12 04:21:12', 'Registro'),
(1036, 45, 6, '2023-03-12 04:21:20', 'Eliminación'),
(1037, 45, 6, '2023-03-12 04:21:32', 'Modificacion'),
(1038, 45, 6, '2023-03-12 04:22:08', 'Modificacion'),
(1039, 45, 6, '2023-03-12 04:23:45', 'Registro'),
(1040, 45, 6, '2023-03-12 04:23:50', 'Eliminación'),
(1041, 45, 6, '2023-03-12 04:24:04', 'Registro'),
(1042, 45, 6, '2023-03-12 04:24:37', 'Registro'),
(1043, 45, 6, '2023-03-12 04:24:42', 'Eliminación'),
(1044, 45, 2, '2023-03-12 04:50:09', 'Registro'),
(1045, 45, 2, '2023-03-12 04:51:06', 'Registro'),
(1046, 45, 2, '2023-03-12 05:41:54', 'Registro'),
(1047, 45, 2, '2023-03-12 05:42:00', 'Registro'),
(1048, 45, 2, '2023-03-12 05:43:43', 'Registro'),
(1049, 45, 2, '2023-03-12 05:55:10', 'Registro'),
(1050, 45, 2, '2023-03-12 05:57:37', 'Eliminación'),
(1051, 45, 2, '2023-03-12 05:57:43', 'Eliminación'),
(1052, 45, 2, '2023-03-12 05:57:45', 'Eliminación'),
(1053, 45, 2, '2023-03-12 05:57:48', 'Eliminación'),
(1054, 45, 2, '2023-03-12 05:57:49', 'Eliminación'),
(1055, 45, 2, '2023-03-12 05:57:50', 'Eliminación'),
(1056, 45, 2, '2023-03-12 05:58:29', 'Registro'),
(1057, 45, 2, '2023-03-12 06:00:42', 'Registro'),
(1058, 45, 2, '2023-03-12 06:05:01', 'Modificacion'),
(1059, 45, 2, '2023-03-12 06:15:40', 'Modificacion'),
(1060, 45, 2, '2023-03-12 06:15:54', 'Registro'),
(1061, 45, 2, '2023-03-12 06:17:08', 'Eliminación'),
(1062, 45, 2, '2023-03-12 06:17:10', 'Eliminación'),
(1063, 45, 2, '2023-03-12 06:17:43', 'Eliminación'),
(1064, 45, 5, '2023-03-12 05:06:59', 'Registro'),
(1065, 45, 12, '2023-03-12 05:07:18', 'Eliminación de rol'),
(1066, 45, 12, '2023-03-12 05:07:22', 'Eliminación'),
(1067, 45, 12, '2023-03-12 06:44:06', 'Registro'),
(1068, 45, 12, '2023-03-12 06:44:32', 'Registro de rol'),
(1069, 45, 12, '2023-03-12 06:48:18', 'Registro'),
(1070, 45, 12, '2023-03-12 06:48:37', 'Registro de rol'),
(1071, 45, 5, '2023-03-12 07:35:18', 'Registro'),
(1072, 45, 5, '2023-03-12 07:35:26', 'Registro'),
(1073, 45, 5, '2023-03-12 07:35:46', 'Registro'),
(1074, 45, 6, '2023-03-12 07:36:25', 'Registro'),
(1075, 45, 6, '2023-03-12 07:36:31', 'Registro'),
(1076, 45, 6, '2023-03-12 07:36:45', 'Registro'),
(1077, 45, 6, '2023-03-12 07:37:11', 'Eliminación'),
(1078, 45, 6, '2023-03-12 07:37:18', 'Eliminación'),
(1079, 184, 1, '2023-03-12 07:48:39', 'Registro'),
(1080, 184, 1, '2023-03-12 07:52:49', 'Modificacion'),
(1081, 184, 1, '2023-03-12 07:53:01', 'Modificacion'),
(1082, 184, 1, '2023-03-12 07:54:27', 'Registro'),
(1083, 184, 1, '2023-03-12 07:58:46', 'Registro'),
(1084, 45, 1, '2023-03-12 08:06:23', 'Registro'),
(1085, 45, 1, '2023-03-12 08:33:56', 'Registro'),
(1086, 45, 1, '2023-03-12 08:35:29', 'Registro'),
(1087, 45, 1, '2023-03-12 08:35:48', 'Registro'),
(1088, 45, 1, '2023-03-12 08:37:36', 'Modificacion');

-- --------------------------------------------------------

--
-- Estructura de tabla para la tabla `censo`
--

CREATE TABLE `censo` (
  `id` int(11) NOT NULL,
  `id_usuario` int(11) NOT NULL,
  `fecha_apertura` datetime DEFAULT NULL,
  `fecha_cierre` datetime DEFAULT NULL,
  `descripcion` varchar(50) DEFAULT NULL
) ENGINE=InnoDB DEFAULT CHARSET=latin1 COLLATE=latin1_swedish_ci;

-- --------------------------------------------------------

--
-- Estructura de tabla para la tabla `chat_virtual`
--

CREATE TABLE `chat_virtual` (
  `id` int(11) NOT NULL,
  `cedula_usuario` varchar(10) CHARACTER SET latin1 COLLATE latin1_swedish_ci NOT NULL,
  `mensajes` varchar(200) NOT NULL,
  `facha` timestamp NOT NULL DEFAULT current_timestamp() ON UPDATE current_timestamp()
) ENGINE=InnoDB DEFAULT CHARSET=utf8mb4 COLLATE=utf8mb4_general_ci;

-- --------------------------------------------------------

--
-- Estructura de tabla para la tabla `comentario`
--

CREATE TABLE `comentario` (
  `id` int(11) NOT NULL,
  `mensaje` varchar(30) NOT NULL,
  `id_publicacion` int(11) NOT NULL,
  `fecha` timestamp NOT NULL DEFAULT current_timestamp() ON UPDATE current_timestamp(),
  `cedula_usuario` varchar(20) NOT NULL
) ENGINE=InnoDB DEFAULT CHARSET=latin1 COLLATE=latin1_swedish_ci;

-- --------------------------------------------------------

--
-- Estructura de tabla para la tabla `contenido`
--

CREATE TABLE `contenido` (
  `id` int(11) NOT NULL,
  `nombre` varchar(60) NOT NULL,
  `descripcion` varchar(2550) NOT NULL,
  `archivo_adjunto` varchar(120) DEFAULT NULL
) ENGINE=InnoDB DEFAULT CHARSET=latin1 COLLATE=latin1_swedish_ci;

--
-- Volcado de datos para la tabla `contenido`
--

INSERT INTO `contenido` (`id`, `nombre`, `descripcion`, `archivo_adjunto`) VALUES
(1, 'Conceptos', 'websocket', 'jhg.png'),
(2, 'Electiva', 'websocket', 'Imagen3.jpg'),
(4, 'Forochat', 'Ddsadsad', 'EJERCICIO MVC CON AJAX CESAR VIDES.pdf'),
(16, 'Debsocket', 'Debsocketfsadsad', 'bdsystem (2).sql'),
(19, 'Conceptoss', 'Contenido', 'manfred,+IngenieriaSolidaria20_12.pdf');

-- --------------------------------------------------------

--
-- Estructura de tabla para la tabla `emprendimiento`
--

CREATE TABLE `emprendimiento` (
  `id` int(11) NOT NULL,
  `nombre` varchar(30) NOT NULL,
  `id_area` int(11) NOT NULL,
  `estatus` varchar(5) NOT NULL
) ENGINE=InnoDB DEFAULT CHARSET=latin1 COLLATE=latin1_swedish_ci;

--
-- Volcado de datos para la tabla `emprendimiento`
--

INSERT INTO `emprendimiento` (`id`, `nombre`, `id_area`, `estatus`) VALUES
(1, 'Cocteleria', 1, 'true'),
(2, 'Marketing', 2, 'false'),
(3, 'Telecomunicacion', 1, 'false'),
(16, 'Nuevo', 2, 'false'),
(19, 'Panaderia', 2, 'true'),
(20, 'Telematica', 2, 'true'),
(21, 'Marketingg', 1, 'true');

-- --------------------------------------------------------

--
-- Estructura de tabla para la tabla `emprendimiento_modulo`
--

CREATE TABLE `emprendimiento_modulo` (
  `id` int(11) NOT NULL,
  `id_emprendimiento` int(11) NOT NULL,
  `id_modulo` int(11) NOT NULL
) ENGINE=InnoDB DEFAULT CHARSET=latin1 COLLATE=latin1_swedish_ci;

--
-- Volcado de datos para la tabla `emprendimiento_modulo`
--

INSERT INTO `emprendimiento_modulo` (`id`, `id_emprendimiento`, `id_modulo`) VALUES
(1, 1, 1),
(2, 1, 2),
(5, 2, 1),
(6, 2, 2),
(27, 3, 2),
(28, 3, 4),
(31, 3, 11),
(33, 1, 11),
(34, 1, 4);

-- --------------------------------------------------------

--
-- Estructura de tabla para la tabla `entorno_sistema`
--

CREATE TABLE `entorno_sistema` (
  `id` int(11) NOT NULL,
  `nombre` varchar(30) NOT NULL
) ENGINE=InnoDB DEFAULT CHARSET=latin1 COLLATE=latin1_swedish_ci;

--
-- Volcado de datos para la tabla `entorno_sistema`
--

INSERT INTO `entorno_sistema` (`id`, `nombre`) VALUES
(1, 'Aula'),
(2, 'Censo'),
(3, 'Contenidos'),
(4, 'Evaluaciones'),
(5, 'Estudiantes'),
(6, 'Docentes'),
(7, 'Area de Emprendimiento'),
(8, 'Emprendimiento'),
(9, 'Modulo'),
(10, 'Permisos'),
(11, 'Entornos del Sistema'),
(12, 'Usuarios'),
(13, 'Unidad'),
(14, 'Agregar Contenido'),
(15, 'Agregar Evaluacion'),
(16, 'Chat Virtual'),
(17, 'Aspirantes');

-- --------------------------------------------------------

--
-- Estructura de tabla para la tabla `estudiante_evaluacion`
--

CREATE TABLE `estudiante_evaluacion` (
  `id` int(11) NOT NULL,
  `id_usuario` int(11) NOT NULL,
  `id_unidad_evaluacion` int(11) NOT NULL,
  `descripcion` varchar(150) NOT NULL,
  `archivo_adjunto` varchar(150) NOT NULL,
  `fecha_entrega` datetime NOT NULL,
  `calificacion` decimal(5,2) DEFAULT NULL,
  `retroalimentacion` varchar(150) DEFAULT NULL
) ENGINE=InnoDB DEFAULT CHARSET=latin1 COLLATE=latin1_swedish_ci;

-- --------------------------------------------------------

--
-- Estructura de tabla para la tabla `evaluaciones`
--

CREATE TABLE `evaluaciones` (
  `id` int(11) NOT NULL,
  `nombre` varchar(30) NOT NULL,
  `descripcion` varchar(250) NOT NULL,
  `archivo_adjunto` varchar(100) DEFAULT NULL
) ENGINE=InnoDB DEFAULT CHARSET=latin1 COLLATE=latin1_swedish_ci;

--
-- Volcado de datos para la tabla `evaluaciones`
--

INSERT INTO `evaluaciones` (`id`, `nombre`, `descripcion`, `archivo_adjunto`) VALUES
(1, 'Evaluacion1', 'Conceptos de la filosofía', 'MER final.png'),
(2, 'Evaluacion2', 'Clases de Filosofia', 'Imagen1.png'),
(16, 'Ejemplo1', 'Conceptos de la psicologia', 'Evaluacion.jpg');

-- --------------------------------------------------------

--
-- Estructura de tabla para la tabla `modulo`
--

CREATE TABLE `modulo` (
  `id` int(11) NOT NULL,
  `nombre` varchar(30) NOT NULL
) ENGINE=InnoDB DEFAULT CHARSET=latin1 COLLATE=latin1_swedish_ci;

--
-- Volcado de datos para la tabla `modulo`
--

INSERT INTO `modulo` (`id`, `nombre`) VALUES
(1, 'Filosofía de Gestión'),
(2, 'Imagen Corporativa'),
(4, 'Marketing Digital'),
(11, 'Nueva gestion');

-- --------------------------------------------------------

--
-- Estructura de tabla para la tabla `notificaciones`
--

CREATE TABLE `notificaciones` (
  `id` int(11) NOT NULL,
  `mensaje` varchar(100) NOT NULL,
  `id_unidad_evaluaciones` int(11) NOT NULL,
  `id_usuarios_roles` int(11) NOT NULL,
  `fecha` datetime NOT NULL
) ENGINE=InnoDB DEFAULT CHARSET=latin1 COLLATE=latin1_swedish_ci;

-- --------------------------------------------------------

--
-- Estructura de tabla para la tabla `permiso`
--

CREATE TABLE `permiso` (
  `id` int(11) NOT NULL,
  `id_rol` int(11) NOT NULL,
  `id_entorno` int(11) NOT NULL,
  `registrar` varchar(5) NOT NULL,
  `modificar` varchar(5) NOT NULL,
  `eliminar` varchar(5) NOT NULL,
  `consultar` varchar(5) NOT NULL
) ENGINE=InnoDB DEFAULT CHARSET=latin1 COLLATE=latin1_swedish_ci;

--
-- Volcado de datos para la tabla `permiso`
--

INSERT INTO `permiso` (`id`, `id_rol`, `id_entorno`, `registrar`, `modificar`, `eliminar`, `consultar`) VALUES
(162, 1, 1, 'true', 'true', 'true', 'true'),
(163, 1, 2, 'true', 'true', 'true', 'true'),
(164, 1, 3, 'true', 'true', 'true', 'true'),
(165, 1, 4, 'true', 'true', 'true', 'true'),
(166, 1, 5, 'true', 'true', 'true', 'true'),
(167, 1, 6, 'true', 'true', 'true', 'true'),
(168, 1, 8, 'true', 'true', 'true', 'true'),
(169, 1, 7, 'true', 'true', 'true', 'true'),
(170, 1, 9, 'true', 'true', 'true', 'true'),
(171, 1, 13, 'true', 'true', 'true', 'true'),
(172, 1, 14, 'true', 'null', 'null', 'true'),
(173, 1, 15, 'true', 'null', 'null', 'true'),
(174, 1, 16, 'null', 'null', 'null', 'null'),
(175, 1, 17, 'null', 'null', 'null', 'null'),
(177, 2, 2, 'true', 'true', 'true', 'true'),
(178, 2, 16, 'null', 'null', 'null', 'null'),
(198, 7, 15, 'true', 'null', 'null', 'true'),
(199, 7, 16, 'null', 'null', 'null', 'null'),
(200, 7, 13, 'true', 'true', 'true', 'true'),
(201, 7, 14, 'true', 'null', 'null', 'true'),
(204, 5, 15, 'true', 'null', 'null', 'true'),
(205, 5, 16, 'null', 'null', 'null', 'null'),
(217, 5, 1, 'true', 'true', 'true', 'true'),
(221, 5, 2, 'true', 'true', 'true', 'true'),
(225, 5, 3, 'true', 'true', 'true', 'false');

-- --------------------------------------------------------

--
-- Estructura de tabla para la tabla `publicacion`
--

CREATE TABLE `publicacion` (
  `id` int(11) NOT NULL,
  `titulo` varchar(50) NOT NULL,
  `mensaje` varchar(300) NOT NULL,
  `id_aula` int(11) NOT NULL,
  `fecha` timestamp NOT NULL DEFAULT current_timestamp() ON UPDATE current_timestamp(),
  `cedula_usuario` varchar(20) NOT NULL
) ENGINE=InnoDB DEFAULT CHARSET=latin1 COLLATE=latin1_swedish_ci;

-- --------------------------------------------------------

--
-- Estructura de tabla para la tabla `rol`
--

CREATE TABLE `rol` (
  `id` int(11) NOT NULL,
  `nombre` varchar(25) NOT NULL
) ENGINE=InnoDB DEFAULT CHARSET=latin1 COLLATE=latin1_swedish_ci;

--
-- Volcado de datos para la tabla `rol`
--

INSERT INTO `rol` (`id`, `nombre`) VALUES
(1, 'Super Usuario'),
(2, 'Administrador'),
(5, 'Docente'),
(7, 'Estudiante');

-- --------------------------------------------------------

--
-- Estructura de tabla para la tabla `unidad`
--

CREATE TABLE `unidad` (
  `id` int(11) NOT NULL,
  `nombre` varchar(50) NOT NULL,
  `descripcion` varchar(120) NOT NULL,
  `id_aula` int(11) NOT NULL
) ENGINE=InnoDB DEFAULT CHARSET=latin1 COLLATE=latin1_swedish_ci;

--
-- Volcado de datos para la tabla `unidad`
--

INSERT INTO `unidad` (`id`, `nombre`, `descripcion`, `id_aula`) VALUES
(1, 'Conociendo la filosofía ', 'Conociendo y aprendiendo de la filosofía', 3),
(2, 'Ejemplo', 'Ejemplo de crear evaluacion para el reporte estadistico', 6),
(11, 'Ddsadsadsdfsaf', 'sadsad', 1),
(12, 'Ccxcxzcxz', 'cxzcxzc', 2),
(13, 'Cesar', 'asdsadsa', 6);

-- --------------------------------------------------------

--
-- Estructura de tabla para la tabla `unidad_contenido`
--

CREATE TABLE `unidad_contenido` (
  `id` int(11) NOT NULL,
  `id_unidad` int(11) NOT NULL,
  `id_contenido` int(11) NOT NULL
) ENGINE=InnoDB DEFAULT CHARSET=latin1 COLLATE=latin1_swedish_ci;

--
-- Volcado de datos para la tabla `unidad_contenido`
--

INSERT INTO `unidad_contenido` (`id`, `id_unidad`, `id_contenido`) VALUES
(24, 12, 1),
(25, 12, 2),
(26, 12, 4),
(27, 11, 1),
(29, 1, 1),
(30, 1, 2),
(31, 1, 4),
(32, 1, 16),
(33, 1, 19),
(34, 2, 1);

-- --------------------------------------------------------

--
-- Estructura de tabla para la tabla `unidad_evaluaciones`
--

CREATE TABLE `unidad_evaluaciones` (
  `id` int(11) NOT NULL,
  `id_unidad` int(11) NOT NULL,
  `id_evaluacion` int(11) NOT NULL,
  `fecha_inicio` datetime DEFAULT NULL,
  `fecha_cierre` datetime DEFAULT NULL
) ENGINE=InnoDB DEFAULT CHARSET=latin1 COLLATE=latin1_swedish_ci;

--
-- Volcado de datos para la tabla `unidad_evaluaciones`
--

INSERT INTO `unidad_evaluaciones` (`id`, `id_unidad`, `id_evaluacion`, `fecha_inicio`, `fecha_cierre`) VALUES
(4978, 2, 16, '2023-03-11 02:32:00', '2023-03-11 02:32:00');

-- --------------------------------------------------------

--
-- Estructura de tabla para la tabla `usuario`
--

CREATE TABLE `usuario` (
  `id` int(11) NOT NULL,
  `cedula` varchar(10) NOT NULL,
  `nombre` varchar(50) NOT NULL,
  `apellido` varchar(50) NOT NULL,
  `correo` varchar(100) NOT NULL,
  `direccion` varchar(100) DEFAULT NULL,
  `telefono` varchar(15) DEFAULT NULL,
  `clave` varchar(50) DEFAULT NULL,
  `imagen` varchar(30) DEFAULT NULL
) ENGINE=InnoDB DEFAULT CHARSET=latin1 COLLATE=latin1_swedish_ci;

--
-- Volcado de datos para la tabla `usuario`
--

INSERT INTO `usuario` (`id`, `cedula`, `nombre`, `apellido`, `correo`, `direccion`, `telefono`, `clave`, `imagen`) VALUES
(45, '28055655', 'Cesar ', 'Vides', 'jbrcesasdsadarvides@gmail.com', 'Tamaca', '04120318406', '123456', NULL),
(143, '28055653', 'Alejandro', 'Vides', 'jbrcesarvides@gmail.com', 'Yucatan', '04120318406', '123456', NULL),
(144, '0000000', 'Karelys', 'Vides', 'jbrcesarvides@gmail.com', 'asdsadsa', '04120318406', '123456', NULL),
(145, '5405663', 'Cesar', 'Vides', 'jbrcesarvides@gmail.com', 'sadsadsad', '04120318406', '123456', NULL),
(146, '9999999', 'Cesar', 'Vides', 'jbrcesarvides@gmail.com', 'sadsadsad', '32432423432', '123456', NULL);

-- --------------------------------------------------------

--
-- Estructura de tabla para la tabla `usuarios_roles`
--

CREATE TABLE `usuarios_roles` (
  `id` int(11) NOT NULL,
  `id_usuario` int(11) NOT NULL,
  `id_rol` int(11) DEFAULT NULL
) ENGINE=InnoDB DEFAULT CHARSET=utf8mb4 COLLATE=utf8mb4_general_ci;

--
-- Volcado de datos para la tabla `usuarios_roles`
--

INSERT INTO `usuarios_roles` (`id`, `id_usuario`, `id_rol`) VALUES
(45, 45, 1),
(183, 143, 1),
(184, 144, 1),
(185, 45, 7),
(186, 144, 7),
(187, 145, 7),
(189, 45, 5);

--
-- Índices para tablas volcadas
--

--
-- Indices de la tabla `area_emprendimiento`
--
ALTER TABLE `area_emprendimiento`
  ADD PRIMARY KEY (`id`);

--
-- Indices de la tabla `aspirante_emprendimiento`
--
ALTER TABLE `aspirante_emprendimiento`
  ADD PRIMARY KEY (`id`),
  ADD KEY `id_usuario` (`id_usuario`),
  ADD KEY `id_emprendimiento` (`id_emprendimiento`);

--
-- Indices de la tabla `aula`
--
ALTER TABLE `aula`
  ADD PRIMARY KEY (`id`),
  ADD UNIQUE KEY `id_tipo_modulo` (`id_emprendimiento_modulo`);

--
-- Indices de la tabla `aula_docente`
--
ALTER TABLE `aula_docente`
  ADD PRIMARY KEY (`id`),
  ADD KEY `id_aula` (`id_aula`),
  ADD KEY `id_docente` (`id_docente`);

--
-- Indices de la tabla `aula_estudiante`
--
ALTER TABLE `aula_estudiante`
  ADD PRIMARY KEY (`id`),
  ADD KEY `id_aula` (`id_aula`),
  ADD KEY `id_estudiante` (`id_estudiante`);

--
-- Indices de la tabla `bitacora`
--
ALTER TABLE `bitacora`
  ADD PRIMARY KEY (`id`),
  ADD KEY `id_entorno` (`id_entorno`),
  ADD KEY `id_usuario_roles` (`id_usuario_roles`);

--
-- Indices de la tabla `censo`
--
ALTER TABLE `censo`
  ADD PRIMARY KEY (`id`),
  ADD KEY `id_usuario` (`id_usuario`);

--
-- Indices de la tabla `chat_virtual`
--
ALTER TABLE `chat_virtual`
  ADD PRIMARY KEY (`id`),
  ADD KEY `cedula` (`cedula_usuario`) USING BTREE;

--
-- Indices de la tabla `comentario`
--
ALTER TABLE `comentario`
  ADD PRIMARY KEY (`id`),
  ADD KEY `id_publicacion` (`id_publicacion`);

--
-- Indices de la tabla `contenido`
--
ALTER TABLE `contenido`
  ADD PRIMARY KEY (`id`);

--
-- Indices de la tabla `emprendimiento`
--
ALTER TABLE `emprendimiento`
  ADD PRIMARY KEY (`id`),
  ADD KEY `id_area` (`id_area`);

--
-- Indices de la tabla `emprendimiento_modulo`
--
ALTER TABLE `emprendimiento_modulo`
  ADD PRIMARY KEY (`id`),
  ADD KEY `id_modulo` (`id_modulo`),
  ADD KEY `id_emprendimeinto` (`id_emprendimiento`) USING BTREE;

--
-- Indices de la tabla `entorno_sistema`
--
ALTER TABLE `entorno_sistema`
  ADD PRIMARY KEY (`id`);

--
-- Indices de la tabla `estudiante_evaluacion`
--
ALTER TABLE `estudiante_evaluacion`
  ADD PRIMARY KEY (`id`),
  ADD KEY `id_usuario` (`id_usuario`),
  ADD KEY `id_unidad_evaluacion` (`id_unidad_evaluacion`);

--
-- Indices de la tabla `evaluaciones`
--
ALTER TABLE `evaluaciones`
  ADD PRIMARY KEY (`id`);

--
-- Indices de la tabla `modulo`
--
ALTER TABLE `modulo`
  ADD PRIMARY KEY (`id`);

--
-- Indices de la tabla `notificaciones`
--
ALTER TABLE `notificaciones`
  ADD PRIMARY KEY (`id`),
  ADD KEY `id_unidad_evaluaciones` (`id_unidad_evaluaciones`),
  ADD KEY `id_usuarios_roles` (`id_usuarios_roles`);

--
-- Indices de la tabla `permiso`
--
ALTER TABLE `permiso`
  ADD PRIMARY KEY (`id`),
  ADD KEY `id_rol` (`id_rol`),
  ADD KEY `id_entorno` (`id_entorno`) USING BTREE;

--
-- Indices de la tabla `publicacion`
--
ALTER TABLE `publicacion`
  ADD PRIMARY KEY (`id`),
  ADD KEY `id_aula` (`id_aula`);

--
-- Indices de la tabla `rol`
--
ALTER TABLE `rol`
  ADD PRIMARY KEY (`id`);

--
-- Indices de la tabla `unidad`
--
ALTER TABLE `unidad`
  ADD PRIMARY KEY (`id`),
  ADD KEY `id_aula` (`id_aula`);

--
-- Indices de la tabla `unidad_contenido`
--
ALTER TABLE `unidad_contenido`
  ADD PRIMARY KEY (`id`),
  ADD KEY `id_contenido` (`id_contenido`),
  ADD KEY `id_unidad` (`id_unidad`);

--
-- Indices de la tabla `unidad_evaluaciones`
--
ALTER TABLE `unidad_evaluaciones`
  ADD PRIMARY KEY (`id`),
  ADD KEY `id_evaluacion` (`id_evaluacion`),
  ADD KEY `id_unidad` (`id_unidad`);

--
-- Indices de la tabla `usuario`
--
ALTER TABLE `usuario`
  ADD PRIMARY KEY (`id`),
  ADD UNIQUE KEY `cedula` (`cedula`),
  ADD KEY `correo` (`correo`);

--
-- Indices de la tabla `usuarios_roles`
--
ALTER TABLE `usuarios_roles`
  ADD PRIMARY KEY (`id`),
  ADD KEY `id_usuario` (`id_usuario`),
  ADD KEY `id_rol` (`id_rol`);

--
-- AUTO_INCREMENT de las tablas volcadas
--

--
-- AUTO_INCREMENT de la tabla `area_emprendimiento`
--
ALTER TABLE `area_emprendimiento`
  MODIFY `id` int(11) NOT NULL AUTO_INCREMENT, AUTO_INCREMENT=74;

--
-- AUTO_INCREMENT de la tabla `aspirante_emprendimiento`
--
ALTER TABLE `aspirante_emprendimiento`
  MODIFY `id` int(11) NOT NULL AUTO_INCREMENT, AUTO_INCREMENT=30;

--
-- AUTO_INCREMENT de la tabla `aula`
--
ALTER TABLE `aula`
  MODIFY `id` int(11) NOT NULL AUTO_INCREMENT, AUTO_INCREMENT=17;

--
-- AUTO_INCREMENT de la tabla `aula_docente`
--
ALTER TABLE `aula_docente`
  MODIFY `id` int(11) NOT NULL AUTO_INCREMENT, AUTO_INCREMENT=36;

--
-- AUTO_INCREMENT de la tabla `aula_estudiante`
--
ALTER TABLE `aula_estudiante`
  MODIFY `id` int(11) NOT NULL AUTO_INCREMENT, AUTO_INCREMENT=59;

--
-- AUTO_INCREMENT de la tabla `bitacora`
--
ALTER TABLE `bitacora`
  MODIFY `id` int(11) NOT NULL AUTO_INCREMENT, AUTO_INCREMENT=1089;

--
-- AUTO_INCREMENT de la tabla `censo`
--
ALTER TABLE `censo`
  MODIFY `id` int(11) NOT NULL AUTO_INCREMENT, AUTO_INCREMENT=32423446;

--
-- AUTO_INCREMENT de la tabla `chat_virtual`
--
ALTER TABLE `chat_virtual`
  MODIFY `id` int(11) NOT NULL AUTO_INCREMENT, AUTO_INCREMENT=137;

--
-- AUTO_INCREMENT de la tabla `comentario`
--
ALTER TABLE `comentario`
  MODIFY `id` int(11) NOT NULL AUTO_INCREMENT, AUTO_INCREMENT=9;

--
-- AUTO_INCREMENT de la tabla `contenido`
--
ALTER TABLE `contenido`
  MODIFY `id` int(11) NOT NULL AUTO_INCREMENT, AUTO_INCREMENT=20;

--
-- AUTO_INCREMENT de la tabla `emprendimiento`
--
ALTER TABLE `emprendimiento`
  MODIFY `id` int(11) NOT NULL AUTO_INCREMENT, AUTO_INCREMENT=22;

--
-- AUTO_INCREMENT de la tabla `emprendimiento_modulo`
--
ALTER TABLE `emprendimiento_modulo`
  MODIFY `id` int(11) NOT NULL AUTO_INCREMENT, AUTO_INCREMENT=36;

--
-- AUTO_INCREMENT de la tabla `entorno_sistema`
--
ALTER TABLE `entorno_sistema`
  MODIFY `id` int(11) NOT NULL AUTO_INCREMENT, AUTO_INCREMENT=18;

--
-- AUTO_INCREMENT de la tabla `estudiante_evaluacion`
--
ALTER TABLE `estudiante_evaluacion`
  MODIFY `id` int(11) NOT NULL AUTO_INCREMENT, AUTO_INCREMENT=40;

--
-- AUTO_INCREMENT de la tabla `evaluaciones`
--
ALTER TABLE `evaluaciones`
  MODIFY `id` int(11) NOT NULL AUTO_INCREMENT, AUTO_INCREMENT=18;

--
-- AUTO_INCREMENT de la tabla `modulo`
--
ALTER TABLE `modulo`
  MODIFY `id` int(11) NOT NULL AUTO_INCREMENT, AUTO_INCREMENT=24;

--
-- AUTO_INCREMENT de la tabla `notificaciones`
--
ALTER TABLE `notificaciones`
  MODIFY `id` int(11) NOT NULL AUTO_INCREMENT, AUTO_INCREMENT=59;

--
-- AUTO_INCREMENT de la tabla `permiso`
--
ALTER TABLE `permiso`
  MODIFY `id` int(11) NOT NULL AUTO_INCREMENT, AUTO_INCREMENT=226;

--
-- AUTO_INCREMENT de la tabla `publicacion`
--
ALTER TABLE `publicacion`
  MODIFY `id` int(11) NOT NULL AUTO_INCREMENT, AUTO_INCREMENT=15;

--
-- AUTO_INCREMENT de la tabla `rol`
--
ALTER TABLE `rol`
  MODIFY `id` int(11) NOT NULL AUTO_INCREMENT, AUTO_INCREMENT=21;

--
-- AUTO_INCREMENT de la tabla `unidad`
--
ALTER TABLE `unidad`
  MODIFY `id` int(11) NOT NULL AUTO_INCREMENT, AUTO_INCREMENT=17;

--
-- AUTO_INCREMENT de la tabla `unidad_contenido`
--
ALTER TABLE `unidad_contenido`
  MODIFY `id` int(11) NOT NULL AUTO_INCREMENT, AUTO_INCREMENT=35;

--
-- AUTO_INCREMENT de la tabla `unidad_evaluaciones`
--
ALTER TABLE `unidad_evaluaciones`
  MODIFY `id` int(11) NOT NULL AUTO_INCREMENT, AUTO_INCREMENT=4980;

--
-- AUTO_INCREMENT de la tabla `usuario`
--
ALTER TABLE `usuario`
  MODIFY `id` int(11) NOT NULL AUTO_INCREMENT, AUTO_INCREMENT=147;

--
-- AUTO_INCREMENT de la tabla `usuarios_roles`
--
ALTER TABLE `usuarios_roles`
  MODIFY `id` int(11) NOT NULL AUTO_INCREMENT, AUTO_INCREMENT=191;

--
-- Restricciones para tablas volcadas
--

--
-- Filtros para la tabla `aspirante_emprendimiento`
--
ALTER TABLE `aspirante_emprendimiento`
  ADD CONSTRAINT `aspirante_emprendimiento_ibfk_1` FOREIGN KEY (`id_usuario`) REFERENCES `usuario` (`id`),
  ADD CONSTRAINT `aspirante_emprendimiento_ibfk_2` FOREIGN KEY (`id_emprendimiento`) REFERENCES `emprendimiento` (`id`);

--
-- Filtros para la tabla `aula`
--
ALTER TABLE `aula`
  ADD CONSTRAINT `aula_ibfk_6` FOREIGN KEY (`id_emprendimiento_modulo`) REFERENCES `emprendimiento_modulo` (`id`);

--
-- Filtros para la tabla `aula_docente`
--
ALTER TABLE `aula_docente`
  ADD CONSTRAINT `aula_docente_ibfk_1` FOREIGN KEY (`id_aula`) REFERENCES `aula` (`id`),
  ADD CONSTRAINT `aula_docente_ibfk_2` FOREIGN KEY (`id_docente`) REFERENCES `usuario` (`id`);

--
-- Filtros para la tabla `aula_estudiante`
--
ALTER TABLE `aula_estudiante`
  ADD CONSTRAINT `aula_estudiante_ibfk_1` FOREIGN KEY (`id_aula`) REFERENCES `aula` (`id`),
  ADD CONSTRAINT `aula_estudiante_ibfk_2` FOREIGN KEY (`id_estudiante`) REFERENCES `usuario` (`id`);

--
-- Filtros para la tabla `censo`
--
ALTER TABLE `censo`
  ADD CONSTRAINT `censo_ibfk_1` FOREIGN KEY (`id_usuario`) REFERENCES `usuario` (`id`);

--
-- Filtros para la tabla `chat_virtual`
--
ALTER TABLE `chat_virtual`
  ADD CONSTRAINT `chat_virtual_ibfk_1` FOREIGN KEY (`cedula_usuario`) REFERENCES `usuario` (`cedula`) ON DELETE CASCADE ON UPDATE CASCADE;

--
-- Filtros para la tabla `comentario`
--
ALTER TABLE `comentario`
  ADD CONSTRAINT `comentario_ibfk_1` FOREIGN KEY (`id_publicacion`) REFERENCES `publicacion` (`id`) ON DELETE CASCADE ON UPDATE CASCADE;

--
-- Filtros para la tabla `emprendimiento`
--
ALTER TABLE `emprendimiento`
  ADD CONSTRAINT `emprendimiento_ibfk_1` FOREIGN KEY (`id_area`) REFERENCES `area_emprendimiento` (`id`);

--
-- Filtros para la tabla `emprendimiento_modulo`
--
ALTER TABLE `emprendimiento_modulo`
  ADD CONSTRAINT `emprendimiento_modulo_ibfk_3` FOREIGN KEY (`id_modulo`) REFERENCES `modulo` (`id`),
  ADD CONSTRAINT `emprendimiento_modulo_ibfk_4` FOREIGN KEY (`id_emprendimiento`) REFERENCES `emprendimiento` (`id`);

--
-- Filtros para la tabla `estudiante_evaluacion`
--
ALTER TABLE `estudiante_evaluacion`
  ADD CONSTRAINT `estudiante_evaluacion_ibfk_1` FOREIGN KEY (`id_usuario`) REFERENCES `usuario` (`id`),
  ADD CONSTRAINT `estudiante_evaluacion_ibfk_2` FOREIGN KEY (`id_unidad_evaluacion`) REFERENCES `unidad_evaluaciones` (`id`);

--
-- Filtros para la tabla `notificaciones`
--
ALTER TABLE `notificaciones`
  ADD CONSTRAINT `notificaciones_ibfk_2` FOREIGN KEY (`id_usuarios_roles`) REFERENCES `usuarios_roles` (`id`) ON DELETE CASCADE ON UPDATE CASCADE,
  ADD CONSTRAINT `notificaciones_ibfk_3` FOREIGN KEY (`id_unidad_evaluaciones`) REFERENCES `unidad_evaluaciones` (`id`) ON DELETE CASCADE ON UPDATE CASCADE;

--
-- Filtros para la tabla `permiso`
--
ALTER TABLE `permiso`
  ADD CONSTRAINT `permiso_ibfk_3` FOREIGN KEY (`id_rol`) REFERENCES `rol` (`id`),
  ADD CONSTRAINT `permiso_ibfk_4` FOREIGN KEY (`id_entorno`) REFERENCES `entorno_sistema` (`id`);

--
-- Filtros para la tabla `publicacion`
--
ALTER TABLE `publicacion`
  ADD CONSTRAINT `publicacion_ibfk_1` FOREIGN KEY (`id_aula`) REFERENCES `aula` (`id`);

--
-- Filtros para la tabla `unidad`
--
ALTER TABLE `unidad`
  ADD CONSTRAINT `unidad_ibfk_1` FOREIGN KEY (`id_aula`) REFERENCES `aula` (`id`);

--
-- Filtros para la tabla `unidad_contenido`
--
ALTER TABLE `unidad_contenido`
  ADD CONSTRAINT `unidad_contenido_ibfk_1` FOREIGN KEY (`id_unidad`) REFERENCES `unidad` (`id`),
  ADD CONSTRAINT `unidad_contenido_ibfk_2` FOREIGN KEY (`id_contenido`) REFERENCES `contenido` (`id`);

--
-- Filtros para la tabla `unidad_evaluaciones`
--
ALTER TABLE `unidad_evaluaciones`
  ADD CONSTRAINT `unidad_evaluaciones_ibfk_1` FOREIGN KEY (`id_unidad`) REFERENCES `unidad` (`id`),
  ADD CONSTRAINT `unidad_evaluaciones_ibfk_2` FOREIGN KEY (`id_evaluacion`) REFERENCES `evaluaciones` (`id`);

--
-- Filtros para la tabla `usuarios_roles`
--
ALTER TABLE `usuarios_roles`
  ADD CONSTRAINT `usuarios_roles_ibfk_1` FOREIGN KEY (`id_usuario`) REFERENCES `usuario` (`id`),
  ADD CONSTRAINT `usuarios_roles_ibfk_2` FOREIGN KEY (`id_rol`) REFERENCES `rol` (`id`);
COMMIT;

/*!40101 SET CHARACTER_SET_CLIENT=@OLD_CHARACTER_SET_CLIENT */;
/*!40101 SET CHARACTER_SET_RESULTS=@OLD_CHARACTER_SET_RESULTS */;
/*!40101 SET COLLATION_CONNECTION=@OLD_COLLATION_CONNECTION */;
